{
  "loss_rate_jfi": 0.9931232234226937,
  "rx_rate_jfi": 0.824125846682631,
  "delivery_ratio_jfi": 0.998552385102972,
  "loss_per_user_jfi": 0.8667164570146839,
  "rx_per_user_jfi": 0.8883696549827208,
  "max_min_total_deviation": 4100687946.2155247,
  "loss_rates": {
    "LP": 33.166,
    "HP": 26.542
  },
  "rx_rates": {
    "LP": 23728732368.0,
    "HP": 1466545872.0
  },
  "tx_rates": {
    "LP": 35500002648.0,
    "HP": 1999995360.0
  },
  "num_users": {
    "LP": 800,
    "HP": 200
  },
  "delivery_ratios": {
    "LP": 66.84149464235837,
    "HP": 73.32746371971584
  }
}